{"cameraMode":{"drawMode":0,"name":"Shaded","section":"Shading Mode"},"sceneLighting":true,"audioPlay":false,"sceneViewState":{"m_AlwaysRefresh":false,"showFog":true,"showSkybox":false,"showFlares":true,"showImageEffects":true,"showParticleSystems":true,"showVisualEffectGraphs":true,"m_FxEnabled":false},"in2DMode":false,"pivot":{"x":-0.31172698736190798,"y":1.3585577011108399,"z":0.5777348279953003},"rotation":{"x":0.08263935148715973,"y":-0.3617655038833618,"z":0.03220761939883232,"w":0.928056001663208},"size":0.530432939529419,"orthographic":false}