{"cameraMode":{"drawMode":0,"name":"Shaded","section":"Shading Mode"},"sceneLighting":true,"audioPlay":false,"sceneViewState":{"m_AlwaysRefresh":false,"showFog":true,"showSkybox":false,"showFlares":true,"showImageEffects":true,"showParticleSystems":true,"showVisualEffectGraphs":true,"m_FxEnabled":false},"in2DMode":false,"pivot":{"x":0.058977268636226657,"y":1.0078198909759522,"z":0.06439842283725739},"rotation":{"x":0.03989159315824509,"y":-0.7861310243606567,"z":0.051020897924900058,"w":0.6146751642227173},"size":0.7460823655128479,"orthographic":false}