{"cameraMode":{"drawMode":0,"name":"Shaded","section":"Shading Mode"},"sceneLighting":true,"audioPlay":false,"sceneViewState":{"m_AlwaysRefresh":false,"showFog":true,"showSkybox":false,"showFlares":true,"showImageEffects":true,"showParticleSystems":true,"showVisualEffectGraphs":true,"m_FxEnabled":false},"in2DMode":false,"pivot":{"x":0.0627145990729332,"y":1.0569074153900147,"z":0.11773461103439331},"rotation":{"x":-0.08121763169765473,"y":0.00807011965662241,"z":-0.0006569406250491738,"w":-0.996667206287384},"size":0.24440883100032807,"orthographic":false}