{"cameraMode":{"drawMode":0,"name":"Shaded","section":"Shading Mode"},"sceneLighting":false,"audioPlay":false,"sceneViewState":{"m_AlwaysRefresh":false,"showFog":true,"showSkybox":false,"showFlares":true,"showImageEffects":true,"showParticleSystems":true,"showVisualEffectGraphs":true,"m_FxEnabled":false},"in2DMode":false,"pivot":{"x":3.725290298461914e-9,"y":-0.005369499325752258,"z":-0.02034459263086319},"rotation":{"x":0.21930015087127686,"y":-0.549848735332489,"z":0.15236039459705354,"w":0.7914421558380127},"size":0.10285896807909012,"orthographic":false}